region,period,revenue,new_customers,active_customers,repeat_customers,repeat_rate,refund_amount,revenue_per_customer,return_rate
CENTRAL,2012-07,36857127.06,1441,1441,95,0.0659264399722415,1240099.22,25577.46499653019,0.033646117289099414
CENTRAL,2012-08,37789157.49,1464,1645,126,0.07659574468085106,1571835.0,22972.13221276596,0.0415948675335233
CENTRAL,2012-09,30307000.95,1027,1314,91,0.06925418569254185,1080556.43,23064.688698630136,0.03565369043880932
CENTRAL,2012-10,25649424.51,749,1027,70,0.06815968841285297,1126427.87,24975.09689386563,0.04391630188665001
CENTRAL,2012-11,22168335.47,656,960,67,0.06979166666666667,1107524.41,23092.016114583334,0.04995974603049437
CENTRAL,2012-12,27047607.54,1010,1489,140,0.09402283411685695,745114.55,18164.947978509066,0.027548260928367495
CENTRAL,2013-01,22629553.57,531,917,65,0.07088331515812432,783853.8300000001,24677.811962922573,0.03463850170863093
CENTRAL,2013-02,25884223.61,678,1159,81,0.06988783433994823,1201757.31,22333.238662640208,0.046428176796298355
CENTRAL,2013-03,35574671.02,954,1696,140,0.08254716981132075,1448000.44,20975.631497641512,0.04070312945932619
CENTRAL,2013-04,50618023.65,1205,2401,253,0.10537276134943774,1715280.82,21082.058996251562,0.033886760017743205
CENTRAL,2013-05,50861481.68,1007,2208,208,0.09420289855072464,1870065.11,23035.09134057971,0.03676780636800355
CENTRAL,2013-06,49380901.25,913,2289,207,0.09043250327653997,2159810.15,21573.13291830494,0.04373776288661803
CENTRAL,2013-07,38230991.41,709,1928,174,0.09024896265560166,1250997.02,19829.352391078835,0.03272206589109744
CENTRAL,2013-08,28374932.76,678,1997,192,0.09614421632448673,1062995.53,14208.779549323986,0.03746248630757989
CENTRAL,2013-09,28781531.11,423,1430,114,0.07972027972027972,1330363.56,20126.944832167832,0.04622282097903304
CENTRAL,2013-10,26004209.86,326,1106,65,0.05877034358047016,849535.04,23511.943815551538,0.0326691349044512
CENTRAL,2013-11,19393803.59,268,930,56,0.060215053763440864,615349.95,20853.55224731183,0.031729203977155465
CENTRAL,2013-12,14656441.540000001,463,1424,140,0.09831460674157304,702764.47,10292.444901685394,0.0479491879445657
CENTRAL,2014-01,19744950.08,235,906,53,0.05849889624724062,593613.71,21793.543134657833,0.03006407752842493
CENTRAL,2014-02,24098908.169999998,232,932,61,0.06545064377682404,981709.97,25857.197607296137,0.0407366990684707
CENTRAL,2014-03,41719311.0,533,1881,170,0.09037745879851143,1481300.24,22179.325358851675,0.03550634477160948
CENTRAL,2014-04,57563480.14,688,2520,288,0.11428571428571428,2790260.2600000002,22842.650849206348,0.04847275135578695
CENTRAL,2014-05,62047067.97,625,2430,265,0.10905349794238683,2208996.28,25533.772827160494,0.03560194465704743
CENTRAL,2014-06,50446480.25,487,2165,227,0.1048498845265589,1439285.31,23300.91466512702,0.02853093620937013
CENTRAL,2014-07,38465688.81,449,1939,156,0.08045384218669417,1579591.86,19837.90036616813,0.041064957079082656
CENTRAL,2014-08,50825113.51,438,2049,173,0.084431429965837,1421464.64,24804.83821864324,0.027967761247012706
CENTRAL,2014-09,28144866.09,258,1388,96,0.069164265129683,1037774.64,20277.281044668587,0.036872608904283476
CENTRAL,2014-10,25089981.96,193,1016,59,0.058070866141732284,879757.54,24694.864133858267,0.035064096156089866
CENTRAL,2014-11,17040674.71,172,886,60,0.06772009029345373,653433.69,19233.26716704289,0.038345529218778214
CENTRAL,2014-12,16060685.67,254,1397,142,0.10164638511095204,691958.5,11496.553808160343,0.04308399493133222
CENTRAL,2015-01,19999603.25,137,826,48,0.05811138014527845,736792.84,24212.594733656173,0.036840372820895834
CENTRAL,2015-02,26466120.080000002,176,1147,50,0.043591979075850044,655336.17,23074.211054925894,0.0247613238366294
CENTRAL,2015-03,37883663.85,326,1706,129,0.07561547479484174,1282235.56,22206.13355803048,0.033846661850791396
CENTRAL,2015-04,59153028.11,484,2608,290,0.1111963190184049,2864822.46,22681.37580904908,0.04843069833504759
CENTRAL,2015-05,58087550.36,389,2346,209,0.08908780903665814,2433408.86,24760.251645353794,0.04189208952553254
CENTRAL,2015-06,51264564.13,318,2080,177,0.08509615384615385,2100528.2,24646.425062500002,0.040974272104866524
CENTRAL,2015-07,37925166.03,302,1851,153,0.08265802269043761,1675386.44,20489.01460291734,0.044176113525111964
CENTRAL,2015-08,27110369.54,291,1890,200,0.10582010582010581,1110296.99,14344.110867724867,0.04095469773518993
CENTRAL,2015-09,33014686.83,269,1772,154,0.08690744920993228,1635464.02,18631.313109480812,0.049537468836865536
CENTRAL,2015-10,32383796.54,171,1302,78,0.059907834101382486,1259707.1400000001,24872.34757296467,0.038899303805964444
CENTRAL,2015-11,19743705.39,129,1015,71,0.06995073891625615,639808.34,19451.926492610837,0.03240568714746204
CENTRAL,2015-12,18076404.62,195,1472,160,0.10869565217391304,822655.9,12280.166182065219,0.045509929507209716
CENTRAL,2016-01,26833521.39,139,1066,83,0.07786116322701689,1313573.07,25172.158902439023,0.04895269058832982
CENTRAL,2016-02,30864879.58,152,1151,55,0.04778453518679409,1161694.78,26815.707715030407,0.03763807913097324
CENTRAL,2016-03,43123315.78,217,1757,138,0.07854297097324986,2111534.79,24543.71985202049,0.04896503786425674
CENTRAL,2016-04,64895482.24,350,2712,306,0.11283185840707964,2712249.35,23929.012625368734,0.04179411657608787
CENTRAL,2016-05,65169955.81,292,2487,252,0.10132689987937274,2673289.67,26204.24439485324,0.04102027746948076
CENTRAL,2016-06,63679757.86,270,2497,240,0.09611533840608731,2243040.64,25502.506151381658,0.03522376207728878
CENTRAL,2016-07,40393491.29,219,1886,144,0.07635206786850478,1640268.71,21417.545752916223,0.04060725274336642
CENTRAL,2016-08,58314110.06,244,2089,203,0.09717568214456677,2166613.96,27914.84445189086,0.03715419746217079
CENTRAL,2016-09,30669454.58,129,1410,90,0.06382978723404255,1097848.95,21751.38622695035,0.03579616804518993
CENTRAL,2016-10,29929308.94,95,1126,70,0.06216696269982238,1100821.04,26580.20332149201,0.03678070356408303
CENTRAL,2016-11,21794879.19,103,1036,64,0.06177606177606178,547576.08,21037.528175675678,0.02512407043996099
CENTRAL,2016-12,17880336.69,154,1406,142,0.10099573257467995,902285.47,12717.166920341395,0.05046244294183925
CENTRAL,2017-01,19702727.95,75,741,34,0.04588394062078273,750694.76,26589.37645074224,0.03810105696556603
CENTRAL,2017-02,24603000.71,83,959,45,0.04692387904066736,1008439.46,25654.849541188738,0.040988474206323754
CENTRAL,2017-03,44458586.48,198,1853,149,0.08041014570966001,1468172.74,23992.761187263895,0.03302337874958008
CENTRAL,2017-04,53810150.54,252,2220,215,0.09684684684684684,2330530.52,24238.80654954955,0.043310239733813614
CENTRAL,2017-05,69720219.28,273,2554,263,0.10297572435395458,2269215.63,27298.44137823023,0.03254745400163922
CENTRAL,2017-06,67345740.72,294,2669,307,0.11502435369052079,2136623.32,25232.574267515924,0.03172618338082183
CENTRAL,2017-07,43850757.59,175,1901,151,0.07943187795896896,1514004.71,23067.20546554445,0.03452630680080344
CENTRAL,2017-08,28722359.669999998,185,1834,155,0.08451472191930207,1294357.08,15661.046712104688,0.04506444090496971
CENTRAL,2017-09,29236440.83,107,1421,106,0.07459535538353272,1337275.82,20574.55371569317,0.045740034766058084
CENTRAL,2017-10,31334710.23,79,1127,77,0.06832298136645963,1046842.23,27803.647054126,0.03340839032229978
CENTRAL,2017-11,23173170.49,76,1000,61,0.061,1046829.52,23173.170489999997,0.045174203523498956
CENTRAL,2017-12,15321181.120000001,95,1147,90,0.07846556233653008,628518.29,13357.612136006976,0.04102283532041425
CENTRAL,2018-01,22127630.85,77,826,49,0.059322033898305086,795009.0800000001,26788.89933414044,0.035928341601016905
CENTRAL,2018-02,28462901.53,89,1028,75,0.07295719844357977,879126.86,27687.64740272374,0.030886761810752044
CENTRAL,2018-03,42187016.63,172,1809,148,0.08181315644002211,1822262.28,23320.628319513544,0.04319486006754396
CENTRAL,2018-04,56549906.28,198,2306,233,0.101040763226366,2288049.36,24522.942879444927,0.04046071002613163
CENTRAL,2018-05,72965623.24,268,2780,327,0.11762589928057554,2740533.53,26246.627064748198,0.0375592423981055
CENTRAL,2018-06,74984260.37,274,3162,408,0.12903225806451613,1996166.37,23714.187340290955,0.026621138358239167
CENTRAL,2018-07,47293658.91,187,2237,176,0.07867679928475638,1784517.01,21141.555167635222,0.037732690832738114
CENTRAL,2018-08,55072747.87,127,1907,138,0.0723649711588883,1761747.8699999999,28879.259501835342,0.031989467352503104
CENTRAL,2018-09,27261706.34,70,1146,55,0.04799301919720768,1130746.38,23788.574467713788,0.04147746167821129
CENTRAL,2018-10,27767681.12,65,942,43,0.045647558386411886,1130032.6,29477.368492569003,0.040695965756610504
CENTRAL,2018-11,17499591.26,43,697,35,0.05021520803443329,496227.9,25107.017589670017,0.02835654231160597
CENTRAL,2018-12,12955573.11,76,912,70,0.07675438596491228,560533.11,14205.672269736842,0.04326579034680775
CENTRAL,2019-01,19237239.58,43,652,28,0.04294478527607362,735529.27,29504.968680981594,0.038234657677429625
CENTRAL,2019-02,22463269.14,51,835,36,0.04311377245508982,930743.21,26902.11873053892,0.04143400518416261
CENTRAL,2019-03,32358101.73,93,1228,69,0.05618892508143322,1431862.1099999999,26350.245708469054,0.04425049781806221
CENTRAL,2019-04,35078734.57,95,1282,89,0.06942277691107644,1459948.77,27362.507464898597,0.04161919715452267
CENTRAL,2019-05,40653930.43,95,1399,98,0.07005003573981415,1478581.49,29059.27836311651,0.036369951794597
CENTRAL,2019-06,36947674.3,97,1409,79,0.056068133427963095,1434231.8599999999,26222.621930447123,0.038817919860249496
CENTRAL,2019-07,23269041.69,69,1077,55,0.0510677808727948,849656.08,21605.424038997215,0.03651444229287467
CENTRAL,2019-08,23454141.89,107,1354,83,0.061299852289512555,783741.28,17322.113655834564,0.03341590085349313
CENTRAL,2019-09,20695980.43,48,860,36,0.04186046511627907,868882.17,24065.093523255815,0.04198313643264302
CENTRAL,2019-10,18689204.24,41,629,25,0.0397456279809221,1044042.58,29712.566359300476,0.05586340470106608
CENTRAL,2019-11,14397998.11,22,589,18,0.030560271646859084,267659.89999999997,24444.818522920203,0.018590077450704706
CENTRAL,2019-12,10121703.02,55,760,55,0.07236842105263158,363498.97000000003,13318.030289473683,0.03591282704913822
CENTRAL,2020-01,13311025.71,20,438,20,0.045662100456621,329399.02,30390.46965753425,0.024746328883771648
CENTRAL,2020-02,17874627.29,35,547,22,0.04021937842778794,510232.74,32677.56360146252,0.02854508414200339
CENTRAL,2020-03,29281418.8,87,1086,57,0.052486187845303865,1019653.55,26962.63241252302,0.03482254589384856
CENTRAL,2020-04,35063679.68,85,1397,89,0.06370794559770938,1308072.59,25099.269634931996,0.03730562798707383
CENTRAL,2020-05,36490905.83,83,1227,65,0.05297473512632437,1275517.13,29739.93955175224,0.03495438386600336
CENTRAL,2020-06,30308705.48,64,1096,58,0.05291970802919708,792289.01,27653.928357664234,0.026140641688666408
CENTRAL,2020-07,23268540.41,64,1037,53,0.05110896817743491,968251.16,22438.322478302798,0.04161202821230161
CENTRAL,2020-08,35195222.94,61,1098,69,0.06284153005464481,1139501.55,32053.937103825134,0.03237659701552668
CENTRAL,2020-09,19697606.76,50,768,28,0.036458333333333336,563640.1,25647.925468750003,0.028614648818382642
CENTRAL,2020-10,19171086.74,29,567,34,0.059964726631393295,433199.51,33811.44045855379,0.022596502528786745
CENTRAL,2020-11,9847814.28,19,418,16,0.03827751196172249,517359.89,23559.364306220094,0.05253550435559189
CENTRAL,2020-12,10362234.88,41,662,34,0.0513595166163142,282313.78,15652.922779456194,0.027244487629294118
CENTRAL,2021-01,11622722.36,15,364,9,0.024725274725274724,395253.43,31930.55593406593,0.03400695790172863
CENTRAL,2021-02,16999626.05,30,558,23,0.04121863799283154,544439.46,30465.27965949821,0.032026555078251265
CENTRAL,2021-03,29491175.75,70,1234,82,0.06645056726094004,1361239.9,23898.845826580226,0.046157532393397364
CENTRAL,2021-04,36278056.65,69,1310,58,0.044274809160305344,1353679.77,27693.173015267173,0.03731401003807629
CENTRAL,2021-05,42974153.16,84,1307,76,0.05814843152257077,1512839.78,32879.99476664116,0.035203480900890434
CENTRAL,2021-06,33419269.56,64,1138,59,0.05184534270650264,1599883.89,29366.66920913884,0.04787309570389066
CENTRAL,2021-07,27298523.740000002,51,1062,68,0.064030131826742,1034203.81,25704.824613935973,0.03788497209043583
CENTRAL,2021-08,19205085.02,61,978,40,0.0408997955010225,678724.86,19637.101247443763,0.03534089327348367
CENTRAL,2021-09,20945670.43,38,797,36,0.0451693851944793,849721.38,26280.6404391468,0.040567876919468934
CENTRAL,2021-10,18138259.84,24,543,25,0.04604051565377532,690518.51,33403.79344383057,0.0380697220180522
CENTRAL,2021-11,11527596.8,18,444,18,0.04054054054054054,496283.08,25963.05585585586,0.043051738242614455
CENTRAL,2021-12,10887939.58,51,633,42,0.06635071090047394,505139.20999999996,17200.536461295418,0.04639438034060067
CENTRAL,2022-01,16807836.93,24,507,21,0.04142011834319527,631146.86,33151.552130177515,0.03755074865543689
CENTRAL,2022-02,21639556.62,29,598,27,0.0451505016722408,639348.39,36186.54953177258,0.029545355352109795
CENTRAL,2022-03,35580597.56,72,1214,75,0.06177924217462932,963377.99,29308.564711696872,0.027075936214265198
CENTRAL,2022-04,38123454.87,77,1388,92,0.06628242074927954,1493087.91,27466.466044668585,0.03916454883460566
CENTRAL,2022-05,36105535.22,74,1167,62,0.05312767780634105,1492097.51,30938.761970865467,0.04132600447295073
CENTRAL,2022-06,37352436.42,72,1219,64,0.052502050861361775,933709.62,30641.867448728466,0.024997288249182435
CENTRAL,2022-07,24570106.22,54,927,37,0.039913700107874865,1126471.77,26504.968953613807,0.04584724868153216
CENTRAL,2022-08,33847788.21,64,997,44,0.044132397191574725,1145178.74,33949.637121364096,0.033833192671114266
CENTRAL,2022-09,21781417.8,33,822,27,0.032846715328467155,1126362.41,26498.075182481753,0.051712079550670934
CENTRAL,2022-10,19418445.22,27,601,22,0.036605657237936774,542089.0499999999,32310.22499168053,0.02791619225218279
CENTRAL,2022-11,13075067.71,25,483,13,0.026915113871635612,496030.37,27070.533561076605,0.03793711673252971
CENTRAL,2022-12,11574858.12,49,713,37,0.051893408134642355,263289.75,16234.022608695652,0.022746693503315273
EAST,2012-07,52209196.76,2359,2359,173,0.07333615938957186,2094594.91,22131.91893175074,0.04011927093283248
EAST,2012-08,65333228.74,2547,2839,233,0.08207115181401903,2259964.11,23012.76109193378,0.03459134277587518
EAST,2012-09,53116933.33,1791,2272,161,0.07086267605633803,2354299.58,23378.931923415494,0.044322957527939806
EAST,2012-10,44928658.14,1280,1784,130,0.07286995515695067,1676964.73,25184.225414798206,0.037325057088829404
EAST,2012-11,36008469.23,1057,1590,126,0.07924528301886792,1266141.07,22646.83599371069,0.03516231311896843
EAST,2012-12,44889638.48,1838,2778,318,0.11447084233261338,1752395.32,16158.97713462923,0.03903785771811812
EAST,2013-01,34002498.99,752,1343,81,0.06031273268801191,1254703.1400000001,25318.31644825019,0.036900321366644354
EAST,2013-02,40790470.6,980,1758,134,0.07622298065984073,1010896.31,23202.77053469852,0.024782658673224527
EAST,2013-03,57822532.75,1485,2753,207,0.0751907010533963,2088865.63,21003.46267707955,0.036125460623306925
EAST,2013-04,77237817.25,1805,3714,344,0.09262250942380183,3345733.53,20796.39667474421,0.04331729778394275
EAST,2013-05,83539689.09,1575,3544,312,0.08803611738148984,2919908.55,23572.14703442438,0.034952351173515715
EAST,2013-06,77796964.66,1460,3538,321,0.09072922555115885,2911918.97,21988.966834369698,0.037429724703606455
EAST,2013-07,61807293.3,1193,3238,291,0.08987029030265596,2517771.5,19088.107875231624,0.040735831737190795
EAST,2013-08,44781321.43,1144,3242,263,0.081122763726095,1704115.98,13812.869040715608,0.03805416913977833
EAST,2013-09,46207299.03,706,2342,146,0.0623398804440649,1791696.75,19729.845871050384,0.03877518893360861
EAST,2013-10,46841230.53,539,1938,149,0.07688338493292053,1681347.0,24169.881594427246,0.03589459501759165
EAST,2013-11,33306044.41,442,1732,139,0.0802540415704388,1239962.05,19229.817788683602,0.03722933995811603
EAST,2013-12,27223763.05,807,2665,289,0.10844277673545966,1483017.07,10215.295703564729,0.054475094691216835
EAST,2014-01,33729319.04,385,1593,105,0.06591337099811675,1359674.07,21173.45827997489,0.04031134065848013
EAST,2014-02,41860194.24,381,1702,109,0.06404230317273796,1248914.39,24594.70871915394,0.029835370157135704
EAST,2014-03,72701979.13,824,3188,299,0.0937892095357591,1867733.47,22804.886803638645,0.02569026995345292
EAST,2014-04,87728701.76,988,3903,399,0.10222905457340507,3751815.06,22477.248721496286,0.042766107154575995
EAST,2014-05,103381964.06,918,4164,418,0.10038424591738712,3899372.95,24827.56101344861,0.03771811636057633
EAST,2014-06,82791540.99,799,3720,321,0.08629032258064516,3613778.88,22255.790588709675,0.043649131744467606
EAST,2014-07,60979930.32,599,3180,271,0.08522012578616352,2581448.45,19176.078716981134,0.042332754997480626
EAST,2014-08,77593021.53,586,3214,294,0.09147479775980087,2866411.0,24142.197115743624,0.036941608194646106
EAST,2014-09,42819764.32,335,2113,147,0.06956933270231898,1604562.7,20264.914491244675,0.037472478550064095
EAST,2014-10,48210548.29,324,2009,123,0.061224489795918366,1932073.76,23997.286356396216,0.04007574749778894
EAST,2014-11,35334526.32,304,1870,164,0.0877005347593583,1402638.46,18895.468620320855,0.039695974619761085
EAST,2014-12,32189128.6,425,2802,365,0.1302640970735189,1493294.87,11487.91170592434,0.04639127975648275
EAST,2015-01,33077939.64,192,1411,82,0.058114812189936214,1245342.78,23442.905485471296,0.037648740929862826
EAST,2015-02,47415489.52,259,1891,116,0.061343204653622425,1692742.48,25074.293770491804,0.03570020044369669
EAST,2015-03,63719496.13,382,2802,192,0.06852248394004283,1912116.86,22740.719532476804,0.03000834871793265
EAST,2015-04,107354945.07000001,703,4561,507,0.11115983336987503,4513841.85,23537.589359789523,0.04204596115304034
EAST,2015-05,99965194.25,565,3960,406,0.10252525252525252,4042244.45,25243.735921717172,0.04043651873361913
EAST,2015-06,86046435.83,513,3713,324,0.0872609749528683,2961712.94,23174.370005386478,0.034419937460877396
EAST,2015-07,62112873.73,408,3113,250,0.08030838419530999,2779379.88,19952.738107934467,0.04474724341497635
EAST,2015-08,46705721.58,404,3203,261,0.08148610677489854,1526704.84,14581.867492975334,0.03268774763248182
EAST,2015-09,55972521.6,327,2964,250,0.08434547908232119,1818532.26,18884.116599190285,0.032489732604792994
EAST,2015-10,50047440.27,247,2149,176,0.08189855746859004,2040906.24,23288.711154025128,0.0407794330537097
EAST,2015-11,36636194.33,167,1925,165,0.08571428571428572,1664060.22,19031.78926233766,0.04542120846425809
EAST,2015-12,31787582.87,274,2727,347,0.12724605793912724,1539123.35,11656.612713604694,0.04841901179760889
EAST,2016-01,43783997.36,136,1680,116,0.06904761904761905,1873640.91,26061.90319047619,0.04279282438728888
EAST,2016-02,49992805.13,165,1869,116,0.06206527554842162,1931641.3699999999,26748.424360620655,0.038638387363481796
EAST,2016-03,66180744.7,315,2961,256,0.08645727794663965,2824635.25,22350.808747044917,0.04268062051589456
EAST,2016-04,107874557.21,518,4528,457,0.10092756183745583,3382848.78,23823.886309628975,0.031359097710265356
EAST,2016-05,107244336.47,421,4142,385,0.09295026557218734,3583311.73,25891.920924674072,0.03341259639386531
EAST,2016-06,94936799.87,379,3961,367,0.09265337036101995,3665763.26,23967.886864428176,0.03861266932337773
EAST,2016-07,65602916.33,291,3127,228,0.07291333546530221,2724406.13,20979.50634154141,0.04152873503817296
EAST,2016-08,90720712.51,300,3409,278,0.08154884130243473,3130693.41,26612.11865943092,0.0345091360438214
EAST,2016-09,50525607.59,174,2267,158,0.06969563299514778,1820396.97,22287.431667401856,0.03602919503258565
EAST,2016-10,48048672.63,140,1735,105,0.06051873198847262,1247383.93,27693.759440922193,0.02596084057525399
EAST,2016-11,34932638.98,116,1723,143,0.08299477655252467,1558716.3599999999,20274.3116540917,0.044620630032916
EAST,2016-12,32910580.89,205,2533,305,0.12041058033951836,1334184.68,12992.72834188709,0.04053968796416464
EAST,2017-01,38046241.73,98,1429,114,0.07977606717984605,1710146.43,26624.381896431067,0.044949155349857474
EAST,2017-02,39598363.11,102,1498,93,0.062082777036048066,1475369.78,26434.154279038718,0.037258352722853244
EAST,2017-03,70262845.44,208,2918,250,0.08567511994516792,2527592.7,24079.110843043178,0.035973389409035585
EAST,2017-04,90363866.63,284,3639,332,0.09123385545479527,3142682.05,24832.060079692223,0.0347780829572941
EAST,2017-05,105611250.41,299,3960,390,0.09848484848484848,3216876.15,26669.50767929293,0.030459597225783855
EAST,2017-06,105338630.32,330,4276,419,0.09798877455565949,3945215.29,24634.852740879323,0.037452692122682235
EAST,2017-07,67451704.3,248,3193,240,0.07516442217350454,3299316.33,21124.86824303163,0.04891375783962215
EAST,2017-08,44395157.25,171,3037,245,0.08067171550872572,1701311.9,14618.095900559763,0.03832201540405626
EAST,2017-09,47300017.36,147,2264,135,0.05962897526501767,2044109.56,20892.23381625442,0.0432158310734286
EAST,2017-10,52130001.66,133,1945,140,0.07197943444730077,2060136.58,26802.05740874036,0.039519211862614784
EAST,2017-11,33480385.31,108,1609,100,0.062150403977625855,1162185.53,20808.1947234307,0.03471242995679849
EAST,2017-12,25072399.61,128,1984,184,0.09274193548387097,1260470.82,12637.298190524194,0.05027324227463524
EAST,2018-01,35119449.7,59,1290,80,0.06201550387596899,1077837.43,27224.379612403103,0.030690612729048536
EAST,2018-02,41980203.22,84,1591,89,0.05593966059082338,1257467.1199999999,26386.048535512255,0.029953812119730847
EAST,2018-03,58365568.67,137,2494,171,0.06856455493183641,2317382.99,23402.3932117081,0.03970462453818494
EAST,2018-04,85697798.85,226,3469,299,0.08619198616315941,3114954.64,24703.89127990775,0.03634812891113131
EAST,2018-05,103410872.75,262,4044,353,0.08728981206726014,3724763.15,25571.432430761623,0.036019066960248626
EAST,2018-06,100684962.0,280,4323,436,0.1008558871154291,3745097.7,23290.53018736988,0.03719619718384559
EAST,2018-07,62114116.92,161,3082,234,0.07592472420506165,2514072.62,20153.834172615185,0.04047506017413086
EAST,2018-08,74841876.91,128,2753,194,0.07046857973120232,3109969.1,27185.570980748274,0.04155386300292613
EAST,2018-09,41666088.910000004,70,1749,101,0.0577472841623785,1506023.61,23822.806695254432,0.036145067833293784
EAST,2018-10,37858923.86,63,1331,71,0.05334335086401202,1402543.7,28443.96984222389,0.03704658128124617
EAST,2018-11,22088427.76,56,998,48,0.04809619238476954,834074.72,22132.693146292586,0.03776071022630358
EAST,2018-12,18084962.71,68,1294,90,0.0695517774343122,706990.65,13976.014459041731,0.0390927347397334
EAST,2019-01,26293510.89,43,901,53,0.058823529411764705,556989.11,29182.587003329634,0.021183519855153127
EAST,2019-02,32380292.84,46,1148,64,0.05574912891986063,1047161.87,28205.829999999998,0.03233948115214143
EAST,2019-03,44507917.87,84,1758,98,0.055745164960182024,1678003.8,25317.3594254835,0.037701242392447154
EAST,2019-04,51788088.87,103,2048,104,0.05078125,2052511.14,25287.152768554686,0.039632880548117436
EAST,2019-05,56817631.68,83,2025,99,0.04888888888888889,2645430.98,28058.089718518517,0.04656003606238309
EAST,2019-06,51485773.34,88,2112,115,0.054450757575757576,1800672.62,24377.73358901515,0.034974178363968225
EAST,2019-07,36216148.9,93,1684,89,0.05285035629453682,1553951.32,21506.026662707838,0.04290769082849668
EAST,2019-08,30302825.79,78,1846,118,0.06392199349945829,1087863.44,16415.398586132178,0.03589973580480396
EAST,2019-09,29149398.2,60,1306,63,0.04823889739663093,992607.74,22319.60045941807,0.03405242650944334
EAST,2019-10,28315979.11,58,1052,38,0.03612167300380228,1005193.95,26916.329952471482,0.035499176846228435
EAST,2019-11,20016833.31,44,856,40,0.04672897196261682,890956.9,23384.15106308411,0.044510382146955095
EAST,2019-12,15752204.39,53,1251,83,0.06634692246203037,639990.42,12591.690159872103,0.04062862594687295
EAST,2020-01,17048049.95,28,617,22,0.03565640194489465,712769.89,27630.550972447323,0.04180946748105933
EAST,2020-02,20929626.06,20,712,27,0.037921348314606744,787613.82,29395.54221910112,0.037631528520486145
EAST,2020-03,42662929.08,77,1622,71,0.043773119605425403,1573237.67,26302.66897657213,0.036875988215668946
EAST,2020-04,53863731.87,89,2083,123,0.059049447911665866,2603249.45,25858.728694191068,0.04833028384076575
EAST,2020-05,51239065.58,90,1858,101,0.05435952637244349,2232929.42,27577.537987082884,0.04357865223973899
EAST,2020-06,41094034.53,68,1581,72,0.04554079696394687,1519824.6400000001,25992.431707779888,0.036984069765417606
EAST,2020-07,32310376.51,66,1448,41,0.028314917127071824,1238666.02,22313.79593232044,0.03833647743524855
EAST,2020-08,47792501.11,64,1589,94,0.0591567023285085,1482732.19,30077.093209565763,0.031024369002729514
EAST,2020-09,29516963.75,48,1144,43,0.037587412587412584,1083016.49,25801.54173951049,0.03669132432362729
EAST,2020-10,27241110.56,39,920,38,0.041304347826086954,642324.66,29609.902782608693,0.02357923912776044
EAST,2020-11,16169613.62,28,686,20,0.029154518950437316,814340.38,23570.865335276965,0.050362389549788146
EAST,2020-12,12712807.03,46,962,46,0.04781704781704782,563134.73,13214.976122661123,0.044296647362860195
EAST,2021-01,17052831.19,20,574,20,0.03484320557491289,778835.77,29708.765139372823,0.04567193337706406
EAST,2021-02,26903211.98,34,888,41,0.04617117117117117,880250.18,30296.409887387388,0.0327191482063325
EAST,2021-03,45626290.71,74,1802,90,0.049944506104328525,1717667.15,25319.80616537181,0.03764643417799325
EAST,2021-04,52223400.18,77,1927,113,0.05864037363777893,1794108.66,27100.88229372081,0.03435449729079666
EAST,2021-05,57941461.9,86,1920,110,0.057291666666666664,2388004.0300000003,30177.844739583332,0.041214079722762406
EAST,2021-06,52700992.04,73,1863,87,0.04669887278582931,2230056.35,28288.24049382716,0.04231526321757643
EAST,2021-07,35631736.95,54,1425,53,0.037192982456140354,1408229.41,25004.727684210528,0.03952177273805339
EAST,2021-08,25969911.23,52,1425,64,0.04491228070175438,987924.35,18224.49910877193,0.038041113858670664
EAST,2021-09,25201468.72,36,1019,39,0.038272816486751716,877088.86,24731.568910696762,0.03480308507987625
EAST,2021-10,25752146.98,26,796,29,0.0364321608040201,884463.25,32351.943442211057,0.03434522374724346
EAST,2021-11,19032119.64,18,708,23,0.03248587570621469,911516.0599999999,26881.52491525424,0.047893565049068804
EAST,2021-12,15884357.62,47,943,39,0.041357370095440084,590350.89,16844.493764581122,0.03716555016720909
EAST,2022-01,21325752.23,19,675,32,0.047407407407407405,626915.65,31593.707007407407,0.02939711777754252
EAST,2022-02,29624378.84,36,934,32,0.034261241970021415,919159.64,31717.750364025695,0.03102713629758591
EAST,2022-03,56085791.29,81,1982,99,0.04994954591321897,2174294.38,28297.573809283553,0.038767294353706884
EAST,2022-04,54301008.46,64,1966,112,0.056968463886063074,1876192.46,27620.04499491353,0.03455170563511851
EAST,2022-05,57508646.19,65,1806,88,0.048726467331118496,1670690.33,31843.104202657807,0.029051115626688346
EAST,2022-06,54084722.31,75,1845,83,0.044986449864498644,2055683.17,29314.212634146344,0.03800857399650389
EAST,2022-07,35392370.49,47,1438,48,0.03337969401947149,2158111.53,24612.218699582754,0.060976744426027275
EAST,2022-08,43097571.12,49,1420,56,0.03943661971830986,1442395.48,30350.402197183095,0.033468138517222315
EAST,2022-09,29782467.47,46,1114,42,0.03770197486535009,1079579.21,26734.710475763015,0.03624881689495555
EAST,2022-10,28950060.19,20,905,31,0.03425414364640884,1528474.16,31989.016784530388,0.05279692511755016
EAST,2022-11,17354965.02,20,705,23,0.032624113475177303,539302.63,24616.97165957447,0.0310748324400829
EAST,2022-12,15457074.5,27,1024,56,0.0546875,110345.99,15094.79931640625,0.007138866413563576
WEST,2012-07,22639636.81,1083,1083,112,0.10341643582640812,770585.02,20904.55845798707,0.03403698683274063
WEST,2012-08,31817297.41,1128,1328,194,0.1460843373493976,881919.91,23958.80829066265,0.027718253333572494
WEST,2012-09,25886854.64,803,1207,141,0.11681855840927921,1178201.21,21447.269792874897,0.045513494257408166
WEST,2012-10,23869513.53,600,1073,152,0.14165890027958994,962755.17,22245.585768872323,0.04033409264038738
WEST,2012-11,23958258.68,571,1174,171,0.14565587734241908,773073.91,20407.375366269163,0.032267533309728834
WEST,2012-12,26743932.23,664,1543,292,0.18924173687621518,766944.25,17332.425294880104,0.028677318032524792
WEST,2013-01,21897234.29,400,1071,154,0.1437908496732026,898572.23,20445.59690943044,0.041035877777969375
WEST,2013-02,24254122.46,460,1295,188,0.14517374517374518,727760.8,18729.052092664093,0.03000565372753544
WEST,2013-03,27459885.17,457,1470,233,0.15850340136054422,1118189.43,18680.19399319728,0.040720834157807216
WEST,2013-04,33666806.28,535,1773,278,0.15679639029892836,1267187.1300000001,18988.610423011844,0.03763906559657194
WEST,2013-05,35284702.82,443,1691,249,0.14725014784151388,1509961.28,20866.17552927262,0.042793651620161216
WEST,2013-06,33942750.74,358,1701,291,0.1710758377425044,1575565.5,19954.585972957084,0.04641832101554654
WEST,2013-07,25997257.21,329,1498,201,0.1341789052069426,1008946.01,17354.64433244326,0.03880970988016008
WEST,2013-08,24566389.13,313,1629,221,0.1356660527931246,918183.11,15080.656310620012,0.03737558275826269
WEST,2013-09,23694094.18,224,1368,178,0.1301169590643275,1325210.15,17320.244283625732,0.05592997731555399
WEST,2013-10,25571815.72,180,1209,169,0.13978494623655913,952075.88,21151.2123407775,0.03723145397357806
WEST,2013-11,19592530.15,139,1132,183,0.16166077738515902,757321.52,17307.88882508834,0.03865358451419813
WEST,2013-12,20148665.09,218,1639,348,0.21232458816351435,996805.68,12293.267291031116,0.04947254200451848
WEST,2014-01,24055579.11,126,1229,193,0.15703824247355574,639392.01,19573.294637917006,0.026579780394237203
WEST,2014-02,26407008.51,132,1239,161,0.12994350282485875,1036654.24,21313.162639225182,0.039256784410374695
WEST,2014-03,36210757.01,211,1739,276,0.15871190339275446,1511455.45,20822.746986774007,0.0417405095834532
WEST,2014-04,41782445.73,267,2023,344,0.17004448838358874,1306342.52,20653.705254572415,0.03126534354742283
WEST,2014-05,43701328.08,236,1973,342,0.17334009123162697,1359922.3800000001,22149.68478459199,0.03111855954378584
WEST,2014-06,37095165.14,164,1678,253,0.15077473182359952,1501578.69,22106.773027413587,0.04047909435995033
WEST,2014-07,30212854.82,155,1597,226,0.14151534126487164,1281515.78,18918.506462116467,0.04241624261046908
WEST,2014-08,39322241.43,155,1734,252,0.1453287197231834,1664338.98,22677.18652249135,0.04232563860742259
WEST,2014-09,23153552.52,99,1294,179,0.13833075734157652,991128.26,17893.008129829985,0.04280674678945553
WEST,2014-10,30433815.92,93,1300,213,0.16384615384615384,1291488.8599999999,23410.62763076923,0.04243598184975812
WEST,2014-11,21203807.34,79,1179,188,0.1594571670907549,1086874.39,17984.56941475827,0.051258454322477345
WEST,2014-12,22715880.77,144,1790,372,0.20782122905027933,1193457.26,12690.436184357543,0.05253845413628661
WEST,2015-01,23185711.07,76,1061,136,0.1281809613572102,757536.24,21852.69657869934,0.032672547230185076
WEST,2015-02,27094638.29,82,1256,197,0.15684713375796178,1103331.39,21572.164243630574,0.04072139211421818
WEST,2015-03,35497019.839999996,117,1702,288,0.1692126909518214,1813305.98,20856.063360752054,0.05108333004216503
WEST,2015-04,41531723.39,150,1961,367,0.1871494135645079,1763868.1,21178.8492554819,0.04247038061571757
WEST,2015-05,45491324.79,149,1910,295,0.1544502617801047,1750573.56,23817.447534031413,0.038481481207265585
WEST,2015-06,39173604.06,131,1749,258,0.14751286449399656,1560977.51,22397.715300171527,0.03984768691716847
WEST,2015-07,31201744.5,104,1565,201,0.12843450479233226,1308865.1400000001,19937.216932907348,0.041948460285609994
WEST,2015-08,27039954.66,116,1774,291,0.16403607666290868,907086.38,15242.364520856821,0.03354615018426218
WEST,2015-09,30057473.3,74,1632,242,0.1482843137254902,1210074.81,18417.56942401961,0.04025870032129414
WEST,2015-10,35365429.23,65,1466,222,0.15143246930422918,1266407.31,24123.758001364255,0.0358091881697204
WEST,2015-11,23954563.52,52,1345,240,0.17843866171003717,1192470.21,17810.084401486987,0.049780502533656686
WEST,2015-12,22411873.0,84,1735,321,0.18501440922190202,979849.34,12917.506051873199,0.04372010050208655
WEST,2016-01,28529706.2,48,1186,170,0.1433389544688027,1074014.72,24055.401517706578,0.037645488266542335
WEST,2016-02,29826705.81,55,1291,187,0.14484895429899303,1261061.32,23103.567629744382,0.04227960432617416
WEST,2016-03,33711419.19,68,1525,203,0.13311475409836065,1328528.4,22105.848649180327,0.03940885408924251
WEST,2016-04,44022737.05,109,1959,323,0.16488004083716182,1624841.66,22472.045456865748,0.036909146701954096
WEST,2016-05,56008034.61,106,2135,411,0.19250585480093677,2116856.06,26233.271480093677,0.037795578344076444
WEST,2016-06,49410230.82,118,2022,341,0.16864490603363008,1852155.59,24436.315934718103,0.037485264878590586
WEST,2016-07,32884645.6,81,1555,212,0.13633440514469453,1461965.33,21147.682057877813,0.044457384390969384
WEST,2016-08,45219612.87,84,1782,230,0.12906846240179573,1889484.04,25375.764797979795,0.04178461335863268
WEST,2016-09,30971145.11,63,1479,198,0.13387423935091278,1130378.06,20940.598451656526,0.036497780627265934
WEST,2016-10,32364844.400000002,48,1302,172,0.13210445468509985,1296211.23,24857.791397849465,0.0400499756457967
WEST,2016-11,26261651.91,39,1295,187,0.1444015444015444,1636379.86,20279.267884169883,0.062310621799723645
WEST,2016-12,22091820.87,49,1509,262,0.17362491716368456,916642.97,14640.040337972168,0.04149241365815945
WEST,2017-01,23675747.54,34,987,106,0.10739614994934144,977767.52,23987.586160081053,0.04129827446200248
WEST,2017-02,26879431.91,27,1209,137,0.11331679073614558,1214648.69,22232.780736145574,0.04518877832191506
WEST,2017-03,36484561.79,61,1581,227,0.14358001265022138,1499767.74,23076.88917773561,0.04110691389504558
WEST,2017-04,42029720.14,70,1830,280,0.15300546448087432,1153643.69,22967.06018579235,0.02744828388476631
WEST,2017-05,50922283.35,67,1915,327,0.17075718015665797,1948180.6,26591.270678851175,0.03825791916300627
WEST,2017-06,47087718.71,83,1951,289,0.14812916453100974,1689749.38,24135.171045617633,0.03588514003846078
WEST,2017-07,32144281.84,69,1503,182,0.12109115103127079,1097275.21,21386.747731204257,0.03413593793949885
WEST,2017-08,25348661.42,79,1565,181,0.11565495207667732,1089242.62,16197.227744408947,0.04297041969800392
WEST,2017-09,26744431.26,47,1308,141,0.10779816513761468,1145101.92,20446.81288990826,0.042816461822190933
WEST,2017-10,28520429.45,32,1137,120,0.10554089709762533,1438161.66,25083.930914687775,0.05042566636387027
WEST,2017-11,23580105.59,40,1123,141,0.12555654496883348,860874.77,20997.422609082812,0.036508520571048045
WEST,2017-12,16894988.56,32,1247,176,0.14113873295910184,520855.52999999997,13548.507265437047,0.030828995719663275
WEST,2018-01,20057844.990000002,23,869,69,0.07940161104718067,876910.3,23081.524729574227,0.043719068545857775
WEST,2018-02,23572207.76,27,963,88,0.09138110072689512,931646.93,24477.889678089305,0.03952310871707674
WEST,2018-03,34488544.28,66,1537,205,0.13337670787247885,1261065.46,22438.870709173716,0.036564763353357746
WEST,2018-04,37243328.67,53,1596,212,0.13283208020050125,1202904.01,23335.418966165416,0.03229850963802157
WEST,2018-05,47346927.51,62,1893,291,0.1537242472266244,1807860.1300000001,25011.583470681457,0.03818326183083723
WEST,2018-06,46413630.22,68,2012,323,0.16053677932405566,2263085.48,23068.40468190855,0.04875907075729704
WEST,2018-07,29298391.32,50,1489,175,0.11752854264607118,1128170.97,19676.5556212223,0.03850624280623473
WEST,2018-08,36038607.42,48,1322,142,0.10741301059001512,1089252.74,27260.671270801817,0.030224606830826315
WEST,2018-09,22217271.7,32,983,82,0.08341810783316378,910062.4,22601.497151576805,0.04096193323323313
WEST,2018-10,19308156.23,21,790,66,0.08354430379746836,748122.97,24440.704088607596,0.03874647382631003
WEST,2018-11,14731703.4,12,674,53,0.07863501483679525,814807.3,21857.126706231455,0.05530978175952144
WEST,2018-12,11163667.84,15,770,78,0.1012987012987013,489240.58999999997,14498.269922077921,0.04382435925288153
WEST,2019-01,16593183.6,16,681,55,0.08076358296622614,597622.43,24365.908370044053,0.036016140386706745
WEST,2019-02,16480309.56,24,672,62,0.09226190476190477,529042.34,24524.27017857143,0.0321014807442731
WEST,2019-03,19370251.83,23,787,65,0.08259212198221093,464461.25,24612.772337992374,0.02397806977814599
WEST,2019-04,22399458.62,32,908,75,0.08259911894273128,1018146.5599999999,24669.0072907489,0.04545406999662566
WEST,2019-05,24977305.73,25,955,92,0.09633507853403141,824631.45,26154.246837696337,0.033015228260169914
WEST,2019-06,23795483.36,34,945,96,0.10158730158730159,815833.45,25180.405671957673,0.03428522285751963
WEST,2019-07,16425691.31,22,808,59,0.07301980198019802,561487.6,20328.825878712873,0.03418349884964446
WEST,2019-08,15402783.32,21,894,80,0.0894854586129754,572260.39,17229.064116331097,0.0371530507253802
WEST,2019-09,14853628.64,17,707,41,0.05799151343705799,718974.54,21009.375728429986,0.04840396629170069
WEST,2019-10,14099200.49,8,566,27,0.04770318021201413,511642.83,24910.248215547705,0.03628878320886974
WEST,2019-11,9558099.08,10,499,19,0.03807615230460922,600325.03,19154.5071743487,0.06280799403473018
WEST,2019-12,7739043.95,17,563,41,0.07282415630550622,316602.69,13746.08161634103,0.04090979351525714
WEST,2020-01,10356744.74,6,411,24,0.058394160583941604,288889.8,25198.892311435524,0.02789388048584849
WEST,2020-02,14525443.58,14,501,36,0.0718562874251497,447662.33,28992.90135728543,0.03081918480041351
WEST,2020-03,17770312.24,17,730,47,0.06438356164383562,783612.5,24342.893479452054,0.04409672094765624
WEST,2020-04,22205852.3,28,911,85,0.09330406147091108,956661.39,24375.249506037322,0.04308149838500006
WEST,2020-05,23363993.6,22,872,80,0.09174311926605505,1332834.47,26793.570642201837,0.05704651750974627
WEST,2020-06,18610421.54,22,726,63,0.08677685950413223,666461.8200000001,25634.18944903581,0.03581121569801906
WEST,2020-07,13962475.28,23,670,36,0.05373134328358209,545910.46,20839.51534328358,0.039098401182630416
WEST,2020-08,20494401.48,15,743,62,0.08344549125168237,963715.68,27583.312893674294,0.04702336298722689
WEST,2020-09,12026492.8,17,531,26,0.04896421845574388,452151.74,22648.762335216576,0.037596309041984376
WEST,2020-10,11873838.53,12,441,26,0.05895691609977324,706769.28,26924.803922902494,0.059523234901190804
WEST,2020-11,9492222.97,8,391,26,0.06649616368286446,510434.92,24276.78508951407,0.05377401285380889
WEST,2020-12,7196608.0,15,474,26,0.05485232067510549,357710.52999999997,15182.717299578058,0.04970543483819043
WEST,2021-01,9471171.32,7,385,20,0.05194805194805195,351731.96,24600.444987012987,0.037137113047174826
WEST,2021-02,11262639.55,10,443,12,0.02708803611738149,355666.86,25423.56557562077,0.031579352106673786
WEST,2021-03,15705340.51,18,708,69,0.09745762711864407,597658.01,22182.684336158192,0.03805444457695493
WEST,2021-04,20198694.11,22,845,82,0.0970414201183432,798492.4,23903.78001183432,0.039531882390588864
WEST,2021-05,21949548.27,16,779,62,0.07958921694480103,643124.37,28176.57030808729,0.029300118712648114
WEST,2021-06,19786570.31,27,760,41,0.05394736842105263,551289.87,26034.960934210525,0.02786182048545229
WEST,2021-07,15236597.35,17,639,30,0.046948356807511735,643826.33,23844.44029733959,0.04225525655175235
WEST,2021-08,12882071.11,9,665,45,0.06766917293233082,349551.63,19371.535503759398,0.027134738429494668
WEST,2021-09,11121540.83,13,504,32,0.06349206349206349,359992.29,22066.549265873015,0.03236892221165365
WEST,2021-10,11565180.67,8,415,14,0.033734939759036145,588894.47,27867.90522891566,0.05091960833154887
WEST,2021-11,9485287.05,9,389,38,0.09768637532133675,423292.6,24383.77133676093,0.04462622984087761
WEST,2021-12,7757037.98,12,484,33,0.06818181818181818,319642.57,16026.937975206612,0.04120678161227721
WEST,2022-01,12194957.22,10,445,29,0.0651685393258427,411058.69,27404.398247191013,0.03370726789642645
WEST,2022-02,17171625.52,13,540,47,0.08703703703703704,661261.54,31799.30651851852,0.038508965806983195
WEST,2022-03,19630667.77,18,769,61,0.07932379713914174,704370.63,25527.52635890767,0.03588113447044497
WEST,2022-04,21608204.04,21,842,70,0.0831353919239905,725573.71,25662.950166270784,0.03357862174278136
WEST,2022-05,25016906.29,24,854,77,0.09016393442622951,778335.6,29293.801276346603,0.03111238420040466
WEST,2022-06,20807562.27,23,774,62,0.08010335917312661,742508.19,26883.1553875969,0.0356845352841037
WEST,2022-07,13793886.01,12,619,38,0.061389337641357025,858665.15,22284.145411954767,0.062249691593616416
WEST,2022-08,19111495.51,19,694,46,0.06628242074927954,852853.54,27538.177968299715,0.044625159739788464
WEST,2022-09,13934157.12,13,604,31,0.05132450331125828,760295.29,23069.79655629139,0.05456342163019905
WEST,2022-10,13998174.48,4,505,28,0.055445544554455446,445336.81,27719.157386138613,0.03181392049629603
WEST,2022-11,10631110.14,7,453,26,0.05739514348785872,486588.83,23468.234304635764,0.04577027456137332
WEST,2022-12,8425919.48,9,537,29,0.054003724394785846,161132.54,15690.725288640597,0.01912343695930975
